{
  "validation_metrics": {
    "accuracy": 0.4,
    "precision_macro": 0.45191197691197693,
    "precision_weighted": 0.4598556998556998,
    "recall_macro": 0.3863095238095238,
    "recall_weighted": 0.4,
    "f1_macro": 0.3983277591973244,
    "f1_weighted": 0.4094091415830547,
    "precision_class_Backward": 0.7777777777777778,
    "recall_class_Backward": 0.5,
    "f1_class_Backward": 0.6086956521739131,
    "precision_class_Forward": 0.35714285714285715,
    "recall_class_Forward": 0.4166666666666667,
    "f1_class_Forward": 0.38461538461538464,
    "precision_class_Left": 0.2727272727272727,
    "recall_class_Left": 0.42857142857142855,
    "f1_class_Left": 0.3333333333333333,
    "precision_class_Right": 0.4,
    "recall_class_Right": 0.2,
    "f1_class_Right": 0.26666666666666666
  },
  "cross_validation_metrics": {},
  "confusion_matrix": [
    [
      7,
      2,
      5,
      0
    ],
    [
      2,
      5,
      5,
      0
    ],
    [
      0,
      5,
      6,
      3
    ],
    [
      0,
      2,
      6,
      2
    ]
  ],
  "model_info": {
    "model_type": "EnhancedFeatureClassifier",
    "task": "SSVEP",
    "config": {
      "dropout": 0.3,
      "hidden_dim": 128,
      "d_model": 128,
      "nhead": 4,
      "num_layers": 2,
      "epochs": 50,
      "batch_size": 32,
      "lr": 0.001,
      "patience": 15,
      "device": "cuda",
      "input_shape": [
        4
      ],
      "num_classes": 4,
      "n_features": 4
    },
    "metrics": {
      "best_val_acc": 0.4,
      "train_history": {
        "train_loss": [
          1.1977237931887308,
          1.091497662862142,
          1.087410713036855,
          1.0658096337318421,
          1.0654213531812031,
          1.0615180317560833,
          1.0578377103805543,
          1.0492810010910034,
          1.041324241956075,
          1.036193930308024,
          1.0473298223813374,
          1.0583007105191549,
          1.0539603718121846,
          1.061755797068278,
          1.0444099950790404,
          1.0463176465034485
        ],
        "train_acc": [
          0.5191666666666667,
          0.565,
          0.5720833333333334,
          0.5775,
          0.57,
          0.5775,
          0.5720833333333334,
          0.5725,
          0.58125,
          0.5820833333333333,
          0.5766666666666667,
          0.5720833333333334,
          0.5816666666666667,
          0.5583333333333333,
          0.5804166666666667,
          0.5758333333333333
        ],
        "val_acc": [
          0.4,
          0.38,
          0.36,
          0.34,
          0.36,
          0.38,
          0.36,
          0.36,
          0.36,
          0.36,
          0.34,
          0.38,
          0.34,
          0.36,
          0.36,
          0.38
        ],
        "val_f1": [
          0.4094091415830547,
          0.39424108383435175,
          0.37153846153846154,
          0.3495977011494253,
          0.37153846153846154,
          0.38681118881118887,
          0.3656799522316764,
          0.3635947712418301,
          0.3656799522316764,
          0.3656799522316764,
          0.3513364055299539,
          0.38681118881118887,
          0.3441426573426573,
          0.3712181152181152,
          0.3654878781807253,
          0.38681905653508086
        ]
      }
    },
    "input_shape": [
      4
    ],
    "num_classes": 4
  }
}