{
  "validation_metrics": {
    "accuracy": 0.28,
    "precision_macro": 0.07,
    "precision_weighted": 0.07840000000000001,
    "recall_macro": 0.25,
    "recall_weighted": 0.28,
    "f1_macro": 0.109375,
    "f1_weighted": 0.1225,
    "precision_class_Backward": 0.28,
    "recall_class_Backward": 1.0,
    "f1_class_Backward": 0.4375,
    "precision_class_Forward": 0.0,
    "recall_class_Forward": 0.0,
    "f1_class_Forward": 0.0,
    "precision_class_Left": 0.0,
    "recall_class_Left": 0.0,
    "f1_class_Left": 0.0,
    "precision_class_Right": 0.0,
    "recall_class_Right": 0.0,
    "f1_class_Right": 0.0
  },
  "cross_validation_metrics": {},
  "confusion_matrix": [
    [
      14,
      0,
      0,
      0
    ],
    [
      12,
      0,
      0,
      0
    ],
    [
      14,
      0,
      0,
      0
    ],
    [
      10,
      0,
      0,
      0
    ]
  ],
  "model_info": {
    "model_type": "SSVEPFormer",
    "task": "SSVEP",
    "config": {
      "dropout": 0.3,
      "hidden_dim": 128,
      "d_model": 128,
      "nhead": 4,
      "num_layers": 2,
      "epochs": 50,
      "batch_size": 32,
      "lr": 0.001,
      "patience": 15,
      "device": "cuda",
      "input_shape": [
        4
      ],
      "num_classes": 4,
      "n_features": 4
    },
    "metrics": {
      "best_val_acc": 0.28,
      "train_history": {
        "train_loss": [
          1.4181669934590657,
          1.4086288420359294,
          1.4054574044545491,
          1.4042375946044923,
          1.404345188140869,
          1.403938291867574,
          1.40342054049174,
          1.402763220469157,
          1.4032983271280925,
          1.4022261571884156,
          1.4058041508992514,
          1.4040769592920939,
          1.401836984952291,
          1.4027747424443562,
          1.4010735432306924,
          1.401103541056315,
          1.4006218481063843
        ],
        "train_acc": [
          0.25416666666666665,
          0.24666666666666667,
          0.24916666666666668,
          0.24958333333333332,
          0.23958333333333334,
          0.24541666666666667,
          0.2625,
          0.25916666666666666,
          0.2625,
          0.2633333333333333,
          0.24291666666666667,
          0.2520833333333333,
          0.26708333333333334,
          0.25833333333333336,
          0.265,
          0.265,
          0.26458333333333334
        ],
        "val_acc": [
          0.24,
          0.28,
          0.28,
          0.28,
          0.28,
          0.28,
          0.28,
          0.28,
          0.28,
          0.28,
          0.24,
          0.28,
          0.28,
          0.28,
          0.28,
          0.28,
          0.28
        ],
        "val_f1": [
          0.0929032258064516,
          0.1225,
          0.1225,
          0.1225,
          0.1225,
          0.1225,
          0.1225,
          0.1225,
          0.1225,
          0.1225,
          0.0929032258064516,
          0.1225,
          0.1225,
          0.1225,
          0.1225,
          0.1225,
          0.1225
        ]
      }
    },
    "input_shape": [
      4
    ],
    "num_classes": 4
  }
}