{
  "model_type": "EnhancedFeatureClassifier",
  "task": "MI",
  "config": {
    "dropout": 0.3,
    "hidden_dim": 128,
    "d_model": 128,
    "nhead": 4,
    "num_layers": 2,
    "epochs": 50,
    "batch_size": 32,
    "lr": 0.001,
    "patience": 15,
    "device": "cuda",
    "input_shape": [
      16
    ],
    "num_classes": 2,
    "n_features": 16
  },
  "metrics": {
    "best_val_acc": 0.7,
    "train_history": {
      "train_loss": [
        0.7013945444424947,
        0.6961515132586161,
        0.6945033367474874,
        0.693035184542338,
        0.6950735966364543,
        0.6886180138587952,
        0.6874329249064127,
        0.6902617613474528,
        0.6870754742622376,
        0.6858286094665528,
        0.6853003279368083,
        0.6906123026212057,
        0.6919008708000183,
        0.6864536921183269,
        0.686905525525411,
        0.6880462312698364,
        0.684110365708669,
        0.6845048562685648,
        0.6816831183433533,
        0.6776099054018656,
        0.6869352253278097,
        0.6859466703732808,
        0.6820099425315856,
        0.6835220281283061,
        0.6804992572466533,
        0.6761858423550924,
        0.6724239834149679,
        0.672032220363617,
        0.673420717716217,
        0.6694341945648193,
        0.6770042530695597,
        0.6803015923500061,
        0.6734626110394796,
        0.6760892478624979,
        0.6727264920870463,
        0.6725670099258423,
        0.66786736647288,
        0.664280021985372,
        0.6680741461118063,
        0.6615112042427063,
        0.6766898337999979,
        0.6720276872316996,
        0.6767719038327535,
        0.6620818813641866,
        0.6649842985471089,
        0.6665555771191914,
        0.6628725210825602,
        0.6603773188591003
      ],
      "train_acc": [
        0.5195833333333333,
        0.5370833333333334,
        0.55625,
        0.5570833333333334,
        0.5504166666666667,
        0.5716666666666667,
        0.5604166666666667,
        0.5545833333333333,
        0.5616666666666666,
        0.5604166666666667,
        0.5745833333333333,
        0.5483333333333333,
        0.5445833333333333,
        0.5558333333333333,
        0.56375,
        0.5583333333333333,
        0.5708333333333333,
        0.5725,
        0.5733333333333334,
        0.57125,
        0.5654166666666667,
        0.5591666666666667,
        0.57625,
        0.5654166666666667,
        0.5783333333333334,
        0.5845833333333333,
        0.5783333333333334,
        0.5979166666666667,
        0.59625,
        0.5966666666666667,
        0.5833333333333334,
        0.57375,
        0.5904166666666667,
        0.5770833333333333,
        0.5929166666666666,
        0.5920833333333333,
        0.5975,
        0.59875,
        0.5929166666666666,
        0.5979166666666667,
        0.5841666666666666,
        0.5833333333333334,
        0.57125,
        0.6045833333333334,
        0.6041666666666666,
        0.5925,
        0.6079166666666667,
        0.6104166666666667
      ],
      "val_acc": [
        0.5,
        0.5,
        0.52,
        0.56,
        0.48,
        0.5,
        0.52,
        0.52,
        0.54,
        0.52,
        0.6,
        0.56,
        0.58,
        0.54,
        0.6,
        0.64,
        0.58,
        0.56,
        0.62,
        0.62,
        0.52,
        0.64,
        0.58,
        0.64,
        0.64,
        0.64,
        0.66,
        0.64,
        0.66,
        0.66,
        0.58,
        0.66,
        0.7,
        0.64,
        0.64,
        0.62,
        0.64,
        0.64,
        0.68,
        0.68,
        0.62,
        0.62,
        0.66,
        0.66,
        0.62,
        0.64,
        0.68,
        0.7
      ],
      "val_f1": [
        0.472095907399752,
        0.4804804804804805,
        0.49793103448275855,
        0.5306666666666666,
        0.48,
        0.4985994397759103,
        0.5122705314009662,
        0.52,
        0.5387114845938377,
        0.52,
        0.6,
        0.5571100164203613,
        0.5788235294117647,
        0.540920368147259,
        0.6,
        0.6411538461538462,
        0.5815174628663188,
        0.5571794871794872,
        0.6207603041216487,
        0.6207603041216487,
        0.5169230769230769,
        0.6411538461538462,
        0.5815174628663188,
        0.641159420289855,
        0.6376923076923078,
        0.641159420289855,
        0.6606802721088434,
        0.6411538461538462,
        0.6606802721088434,
        0.6606802721088434,
        0.5753121124431583,
        0.6524444444444444,
        0.6967482938578884,
        0.64,
        0.64,
        0.615881172219992,
        0.64,
        0.6342028985507246,
        0.6779487179487179,
        0.6779487179487179,
        0.621372942593336,
        0.605891472868217,
        0.6563147330389402,
        0.6606802721088434,
        0.6115555555555555,
        0.6376923076923078,
        0.6779487179487179,
        0.6991596638655463
      ]
    }
  },
  "input_shape": [
    16
  ],
  "num_classes": 2
}